step,lr_head
0,6.0975609756097564e-06
1,1.2195121951219513e-05
2,1.8292682926829268e-05
3,2.4390243902439026e-05
4,3.048780487804878e-05
5,3.6585365853658535e-05
6,4.26829268292683e-05
7,4.878048780487805e-05
8,5.4878048780487806e-05
9,6.097560975609756e-05
10,6.707317073170732e-05
11,7.317073170731707e-05
12,7.926829268292683e-05
13,8.53658536585366e-05
14,9.146341463414634e-05
15,9.75609756097561e-05
16,0.00010365853658536585
17,0.00010975609756097561
18,0.00011585365853658537
19,0.00012195121951219512
20,0.00012804878048780488
21,0.00013414634146341464
22,0.0001402439024390244
23,0.00014634146341463414
24,0.0001524390243902439
25,0.00015853658536585366
26,0.00016463414634146343
27,0.0001707317073170732
28,0.00017682926829268292
29,0.00018292682926829268
30,0.00018902439024390244
31,0.0001951219512195122
32,0.00020121951219512197
33,0.0002073170731707317
34,0.00021341463414634146
35,0.00021951219512195122
36,0.00022560975609756099
37,0.00023170731707317075
38,0.00023780487804878048
39,0.00024390243902439024
40,0.00025
41,0.00025609756097560977
42,0.00026219512195121953
43,0.0002682926829268293
44,0.00027439024390243905
45,0.0002804878048780488
46,0.0002865853658536585
47,0.0002926829268292683
48,0.00029878048780487804
49,0.0003048780487804878
50,0.00031097560975609757
51,0.00031707317073170733
52,0.0003231707317073171
53,0.00032926829268292685
54,0.0003353658536585366
55,0.0003414634146341464
56,0.0003475609756097561
57,0.00035365853658536584
58,0.0003597560975609756
59,0.00036585365853658537
60,0.0003719512195121951
61,0.0003780487804878049
62,0.00038414634146341465
63,0.0003902439024390244
64,0.0003963414634146342
65,0.00040243902439024393
66,0.00040853658536585364
67,0.0004146341463414634
68,0.00042073170731707316
69,0.0004268292682926829
70,0.0004329268292682927
71,0.00043902439024390245
72,0.0004451219512195122
73,0.00045121951219512197
74,0.00045731707317073173
75,0.0004634146341463415
76,0.0004695121951219512
77,0.00047560975609756096
78,0.0004817073170731707
79,0.0004878048780487805
80,0.0004939024390243902
81,0.0005
82,0.0005060975609756098
83,0.0005121951219512195
84,0.0005182926829268293
85,0.0005243902439024391
86,0.0005304878048780488
87,0.0005365853658536586
88,0.0005426829268292683
89,0.0005487804878048781
90,0.0005548780487804879
91,0.0005609756097560976
92,0.0005670731707317073
93,0.000573170731707317
94,0.0005792682926829268
95,0.0005853658536585366
96,0.0005914634146341463
97,0.0005975609756097561
98,0.0006036585365853658
99,0.0006097560975609756
100,0.0006158536585365854
101,0.0006219512195121951
102,0.0006280487804878049
103,0.0006341463414634147
104,0.0006402439024390244
105,0.0006463414634146342
106,0.0006524390243902439
107,0.0006585365853658537
108,0.0006646341463414635
109,0.0006707317073170732
110,0.000676829268292683
111,0.0006829268292682927
112,0.0006890243902439024
113,0.0006951219512195122
114,0.0007012195121951219
115,0.0007073170731707317
116,0.0007134146341463414
117,0.0007195121951219512
118,0.000725609756097561
119,0.0007317073170731707
120,0.0007378048780487805
121,0.0007439024390243903
122,0.00075
123,0.0007560975609756098
124,0.0007621951219512195
125,0.0007682926829268293
126,0.0007743902439024391
127,0.0007804878048780488
128,0.0007865853658536586
129,0.0007926829268292683
130,0.0007987804878048781
131,0.0008048780487804879
132,0.0008109756097560976
133,0.0008170731707317073
134,0.000823170731707317
135,0.0008292682926829268
136,0.0008353658536585366
137,0.0008414634146341463
138,0.0008475609756097561
139,0.0008536585365853659
140,0.0008597560975609756
141,0.0008658536585365854
142,0.0008719512195121951
143,0.0008780487804878049
144,0.0008841463414634147
145,0.0008902439024390244
146,0.0008963414634146342
147,0.0009024390243902439
148,0.0009085365853658537
149,0.0009146341463414635
150,0.0009207317073170732
151,0.000926829268292683
152,0.0009329268292682928
153,0.0009390243902439024
154,0.0009451219512195122
155,0.0009512195121951219
156,0.0009573170731707317
157,0.0009634146341463415
158,0.0009695121951219512
159,0.000975609756097561
160,0.0009817073170731707
161,0.0009878048780487805
162,0.0009939024390243903
163,0.001
164,0.001
165,0.0009999992418300314
166,0.0009999969673224248
167,0.0009999931764840778
168,0.0009999878693264872
169,0.0009999810458657479
170,0.0009999727061225528
171,0.0009999628501221943
172,0.000999951477894562
173,0.0009999385894741443
174,0.000999924184900028
175,0.0009999082642158973
176,0.0009998908274700344
177,0.0009998718747153195
178,0.0009998514060092305
179,0.000999829421413842
180,0.0009998059209958266
181,0.0009997809048264532
182,0.0009997543729815882
183,0.000999726325541694
184,0.0009996967625918293
185,0.0009996656842216494
186,0.0009996330905254049
187,0.0009995989816019423
188,0.0009995633575547026
189,0.0009995262184917225
190,0.0009994875645256325
191,0.000999447395773658
192,0.000999405712357618
193,0.000999362514403925
194,0.0009993178020435843
195,0.0009992715754121942
196,0.0009992238346499456
197,0.0009991745799016205
198,0.0009991238113165933
199,0.0009990715290488284
200,0.0009990177332568813
201,0.0009989624241038976
202,0.000998905601757612
203,0.0009988472663903488
204,0.0009987874181790202
205,0.0009987260573051267
206,0.0009986631839547565
207,0.0009985987983185838
208,0.0009985329005918703
209,0.000998465490974462
210,0.0009983965696707914
211,0.0009983261368898741
212,0.0009982541928453105
213,0.000998180737755284
214,0.00099810577184256
215,0.0009980292953344864
216,0.0009979513084629917
217,0.0009978718114645854
218,0.0009977908045803563
219,0.0009977082880559724
220,0.00099762426214168
221,0.0009975387270923027
222,0.0009974516831672408
223,0.0009973631306304707
224,0.000997273069750544
225,0.0009971815008005865
226,0.0009970884240582975
227,0.000996993839805949
228,0.0009968977483303847
229,0.0009968001499230193
230,0.0009967010448798375
231,0.0009966004335013932
232,0.0009964983160928086
233,0.0009963946929637728
234,0.000996289564428542
235,0.000996182930805937
236,0.000996074792419344
237,0.0009959651495967112
238,0.0009958540026705509
239,0.000995741351977936
240,0.0009956271978605
241,0.0009955115406644357
242,0.0009953943807404944
243,0.0009952757184439845
244,0.000995155554134771
245,0.0009950338881772737
246,0.0009949107209404665
247,0.000994786052797876
248,0.0009946598841275812
249,0.0009945322153122108
250,0.0009944030467389437
251,0.000994272378799507
252,0.0009941402118901744
253,0.0009940065464117658
254,0.0009938713827696462
255,0.0009937347213737234
256,0.0009935965626384476
257,0.0009934569069828102
258,0.000993315754830342
259,0.0009931731066091124
260,0.0009930289627517275
261,0.0009928833236953296
262,0.0009927361898815956
263,0.000992587561756735
264,0.0009924374397714893
265,0.0009922858243811305
266,0.0009921327160454596
267,0.0009919781152288051
268,0.000991822022400022
269,0.0009916644380324896
270,0.0009915053626041105
271,0.0009913447965973104
272,0.0009911827404990342
273,0.000991019194800746
274,0.0009908541599984275
275,0.0009906876365925767
276,0.0009905196250882058
277,0.0009903501259948399
278,0.000990179139826515
279,0.000990006667101778
280,0.0009898327083436834
281,0.000989657264079792
282,0.0009894803348421705
283,0.0009893019211673886
284,0.0009891220235965178
285,0.0009889406426751297
286,0.0009887577789532947
287,0.0009885734329855799
288,0.0009883876053310475
289,0.0009882002965532536
290,0.0009880115072202454
291,0.000987821237904561
292,0.0009876294891832255
293,0.0009874362616377522
294,0.000987241555854138
295,0.0009870453724228631
296,0.0009868477119388895
297,0.0009866485750016577
298,0.0009864479622150868
299,0.0009862458741875706
300,0.0009860423115319779
301,0.0009858372748656485
302,0.0009856307648103933
303,0.0009854227819924913
304,0.0009852133270426876
305,0.000985002400596192
306,0.0009847900032926773
307,0.0009845761357762759
308,0.0009843607986955798
309,0.0009841439927036376
310,0.0009839257184579525
311,0.0009837059766204799
312,0.0009834847678576268
313,0.0009832620928402487
314,0.0009830379522436474
315,0.0009828123467475697
316,0.0009825852770362045
317,0.000982356743798182
318,0.0009821267477265706
319,0.000981895289518874
320,0.0009816623698770312
321,0.000981427989507413
322,0.00098119214912082
323,0.0009809548494324805
324,0.0009807160911620484
325,0.0009804758750336013
326,0.0009802342017756378
327,0.0009799910721210753
328,0.0009797464868072487
329,0.0009795004465759066
330,0.0009792529521732102
331,0.0009790040043497308
332,0.0009787536038604477
333,0.0009785017514647451
334,0.000978248447926411
335,0.0009779936940136338
336,0.0009777374904990006
337,0.0009774798381594946
338,0.0009772207377764929
339,0.000976960190135764
340,0.0009766981960274653
341,0.0009764347562461413
342,0.0009761698715907205
343,0.0009759035428645134
344,0.0009756357708752095
345,0.0009753665564348757
346,0.000975095900359953
347,0.0009748238034712548
348,0.0009745502665939638
349,0.0009742752905576299
350,0.0009739988761961673
351,0.0009737210243478522
352,0.0009734417358553204
353,0.0009731610115655644
354,0.0009728788523299312
355,0.0009725952590041196
356,0.0009723102324481769
357,0.0009720237735264979
358,0.0009717358831078204
359,0.0009714465620652243
360,0.0009711558112761274
361,0.0009708636316222838
362,0.0009705700239897808
363,0.0009702749892690366
364,0.0009699785283547968
365,0.0009696806421461326
366,0.0009693813315464375
367,0.0009690805974634247
368,0.0009687784408091242
369,0.000968474862499881
370,0.0009681698634563503
371,0.0009678634446034967
372,0.0009675556068705907
373,0.0009672463511912055
374,0.0009669356785032146
375,0.0009666235897487888
376,0.0009663100858743932
377,0.0009659951678307847
378,0.0009656788365730094
379,0.0009653610930603982
380,0.0009650419382565657
381,0.0009647213731294063
382,0.0009643993986510911
383,0.0009640760157980659
384,0.0009637512255510475
385,0.0009634250288950201
386,0.0009630974268192345
387,0.0009627684203172027
388,0.0009624380103866959
389,0.0009621061980297416
390,0.0009617729842526208
391,0.0009614383700658638
392,0.0009611023564842487
393,0.0009607649445267969
394,0.000960426135216771
395,0.0009600859295816708
396,0.0009597443286532317
397,0.0009594013334674194
398,0.0009590569450644289
399,0.0009587111644886796
400,0.0009583639927888137
401,0.0009580154310176916
402,0.0009576654802323895
403,0.0009573141414941962
404,0.0009569614158686096
405,0.0009566073044253336
406,0.000956251808238275
407,0.0009558949283855398
408,0.0009555366659494303
409,0.0009551770220164417
410,0.0009548159976772592
411,0.0009544535940267537
412,0.0009540898121639799
413,0.0009537246531921714
414,0.0009533581182187385
415,0.0009529902083552646
416,0.0009526209247175024
417,0.0009522502684253709
418,0.000951878240602952
419,0.0009515048423784871
420,0.0009511300748843736
421,0.0009507539392571609
422,0.0009503764366375484
423,0.0009499975681703805
424,0.000949617335004644
425,0.0009492357382934642
426,0.0009488527791941021
427,0.0009484684588679498
428,0.0009480827784805278
429,0.0009476957392014814
430,0.0009473073422045768
431,0.0009469175886676977
432,0.000946526479772842
433,0.0009461340167061175
434,0.0009457402006577392
435,0.000945345032822025
436,0.0009449485143973923
437,0.0009445506465863552
438,0.0009441514305955185
439,0.0009437508676355772
440,0.0009433489589213102
441,0.0009429457056715782
442,0.000942541109109319
443,0.0009421351704615444
444,0.0009417278909593365
445,0.0009413192718378438
446,0.000940909314336277
447,0.0009404980196979061
448,0.000940085389170056
449,0.0009396714240041031
450,0.0009392561254554713
451,0.0009388394947836278
452,0.0009384215332520805
453,0.0009380022421283725
454,0.0009375816226840799
455,0.0009371596761948067
456,0.0009367364039401814
457,0.0009363118072038535
458,0.0009358858872734887
459,0.0009354586454407661
460,0.0009350300830013731
461,0.0009346002012550026
462,0.0009341690015053484
463,0.0009337364850601009
464,0.0009333026532309443
465,0.0009328675073335518
466,0.0009324310486875814
467,0.0009319932786166724
468,0.0009315541984484414
469,0.000931113809514478
470,0.0009306721131503408
471,0.0009302291106955534
472,0.0009297848034936007
473,0.0009293391928919238
474,0.0009288922802419174
475,0.0009284440668989243
476,0.0009279945542222321
477,0.0009275437435750689
478,0.000927091636324599
479,0.0009266382338419191
480,0.0009261835375020535
481,0.0009257275486839511
482,0.0009252702687704795
483,0.0009248116991484227
484,0.0009243518412084753
485,0.0009238906963452394
486,0.0009234282659572195
487,0.0009229645514468193
488,0.0009224995542203361
489,0.0009220332756879577
490,0.0009215657172637579
491,0.0009210968803656914
492,0.0009206267664155906
493,0.0009201553768391607
494,0.0009196827130659751
495,0.0009192087765294717
496,0.0009187335686669487
497,0.0009182570909195591
498,0.0009177793447323076
499,0.0009173003315540451
500,0.0009168200528374655
501,0.0009163385100391004
502,0.0009158557046193148
503,0.000915371638042303
504,0.0009148863117760842
505,0.0009143997272924974
506,0.0009139118860671974
507,0.0009134227895796508
508,0.0009129324393131306
509,0.0009124408367547119
510,0.0009119479833952683
511,0.000911453880729466
512,0.0009109585302557603
513,0.0009104619334763906
514,0.000909964091897376
515,0.0009094650070285104
516,0.0009089646803833589
517,0.0009084631134792516
518,0.0009079603078372806
519,0.0009074562649822944
520,0.0009069509864428935
521,0.0009064444737514262
522,0.000905936728443983
523,0.0009054277520603933
524,0.0009049175461442191
525,0.000904406112242752
526,0.0009038934519070072
527,0.0009033795666917191
528,0.0009028644581553373
529,0.0009023481278600212
530,0.000901830577371635
531,0.000901311808259744
532,0.0009007918220976086
533,0.0009002706204621802
534,0.0008997482049340968
535,0.0008992245770976775
536,0.0008986997385409177
537,0.000898173690855485
538,0.0008976464356367133
539,0.0008971179744835989
540,0.0008965883089987957
541,0.0008960574407886091
542,0.0008955253714629927
543,0.0008949921026355423
544,0.0008944576359234917
545,0.0008939219729477073
546,0.0008933851153326833
547,0.000892847064706537
548,0.0008923078227010037
549,0.0008917673909514322
550,0.0008912257710967783
551,0.000890682964779602
552,0.0008901389736460611
553,0.0008895937993459066
554,0.0008890474435324775
555,0.0008884999078626961
556,0.0008879511939970628
557,0.0008874013035996513
558,0.0008868502383381027
559,0.0008862979998836221
560,0.0008857445899109715
561,0.0008851900100984663
562,0.0008846342621279697
563,0.0008840773476848871
564,0.0008835192684581621
565,0.00088296002614027
566,0.0008823996224272137
567,0.0008818380590185186
568,0.0008812753376172265
569,0.0008807114599298913
570,0.0008801464276665736
571,0.0008795802425408352
572,0.0008790129062697346
573,0.0008784444205738209
574,0.0008778747871771292
575,0.0008773040078071752
576,0.0008767320841949503
577,0.0008761590180749155
578,0.0008755848111849969
579,0.0008750094652665803
580,0.0008744329820645055
581,0.0008738553633270616
582,0.0008732766108059813
583,0.0008726967262564358
584,0.0008721157114370293
585,0.0008715335681097935
586,0.0008709502980401832
587,0.0008703659029970694
588,0.0008697803847527354
589,0.0008691937450828706
590,0.0008686059857665651
591,0.0008680171085863051
592,0.0008674271153279663
593,0.0008668360077808093
594,0.0008662437877374743
595,0.0008656504569939751
596,0.0008650560173496937
597,0.0008644604706073755
598,0.000863863818573123
599,0.0008632660630563908
600,0.00086266720586998
601,0.0008620672488300329
602,0.0008614661937560268
603,0.0008608640424707697
604,0.0008602607968003935
605,0.0008596564585743493
606,0.0008590510296254013
607,0.0008584445117896218
608,0.0008578369069063852
609,0.0008572282168183628
610,0.0008566184433715165
611,0.0008560075884150941
612,0.000855395653801623
613,0.0008547826413869052
614,0.000854168553030011
615,0.0008535533905932737
616,0.0008529371559422843
617,0.0008523198509458851
618,0.0008517014774761644
619,0.0008510820374084511
620,0.0008504615326213085
621,0.0008498399649965294
622,0.0008492173364191288
623,0.0008485936487773403
624,0.0008479689039626087
625,0.0008473431038695851
626,0.0008467162503961209
627,0.0008460883454432618
628,0.0008454593909152427
629,0.0008448293887194814
630,0.0008441983407665725
631,0.0008435662489702828
632,0.0008429331152475443
633,0.0008422989415184488
634,0.0008416637297062421
635,0.0008410274817373187
636,0.0008403901995412146
637,0.0008397518850506028
638,0.000839112540201287
639,0.0008384721669321952
640,0.0008378307671853746
641,0.0008371883429059854
642,0.0008365448960422948
643,0.0008359004285456709
644,0.0008352549423705775
645,0.0008346084394745677
646,0.0008339609218182773
647,0.0008333123913654205
648,0.0008326628500827827
649,0.0008320122999402142
650,0.0008313607429106257
651,0.0008307081809699809
652,0.000830054616097291
653,0.0008294000502746098
654,0.0008287444854870252
655,0.0008280879237226555
656,0.0008274303669726426
657,0.0008267718172311454
658,0.0008261122764953344
659,0.0008254517467653857
660,0.0008247902300444743
661,0.0008241277283387689
662,0.0008234642436574248
663,0.0008227997780125791
664,0.000822134333419343
665,0.0008214679118957968
666,0.000820800515462984
667,0.0008201321461449042
668,0.0008194628059685076
669,0.0008187924969636887
670,0.00081812122116328
671,0.000817448980603046
672,0.0008167757773216777
673,0.0008161016133607844
674,0.0008154264907648902
675,0.0008147504115814253
676,0.0008140733778607219
677,0.0008133953916560062
678,0.0008127164550233934
679,0.0008120365700218811
680,0.0008113557387133427
681,0.0008106739631625217
682,0.0008099912454370249
683,0.0008093075876073169
684,0.0008086229917467127
685,0.0008079374599313728
686,0.0008072509942402955
687,0.0008065635967553114
688,0.0008058752695610772
689,0.0008051860147450689
690,0.0008044958343975757
691,0.0008038047306116935
692,0.000803112705483319
693,0.000802419761111143
694,0.0008017258995966437
695,0.0008010311230440808
696,0.0008003354335604897
697,0.0007996388332556734
698,0.000798941324242198
699,0.0007982429086353848
700,0.0007975435885533049
701,0.0007968433661167722
702,0.0007961422434493372
703,0.0007954402226772804
704,0.0007947373059296061
705,0.0007940334953380358
706,0.0007933287930370018
707,0.0007926232011636404
708,0.000791916721857786
709,0.0007912093572619643
710,0.0007905011095213854
711,0.0007897919807839382
712,0.0007890819732001831
713,0.0007883710889233455
714,0.0007876593301093103
715,0.000786946698916614
716,0.0007862331975064387
717,0.0007855188280426059
718,0.0007848035926915695
719,0.0007840874936224092
720,0.0007833705330068244
721,0.0007826527130191272
722,0.0007819340358362356
723,0.0007812145036376676
724,0.0007804941186055341
725,0.0007797728829245321
726,0.0007790507987819384
727,0.0007783278683676035
728,0.0007776040938739434
729,0.000776879477495935
730,0.0007761540214311074
731,0.0007754277278795366
732,0.0007747005990438385
733,0.0007739726371291623
734,0.0007732438443431833
735,0.0007725142228960966
736,0.0007717837750006106
737,0.00077105250287194
738,0.0007703204087277988
739,0.0007695874947883945
740,0.0007688537632764203
741,0.0007681192164170489
742,0.0007673838564379258
743,0.0007666476855691626
744,0.0007659107060433299
745,0.0007651729200954505
746,0.0007644343299629927
747,0.0007636949378858647
748,0.0007629547461064053
749,0.0007622137568693796
750,0.0007614719724219705
751,0.0007607293950137728
752,0.0007599860268967863
753,0.0007592418703254082
754,0.0007584969275564273
755,0.0007577512008490166
756,0.0007570046924647264
757,0.0007562574046674777
758,0.0007555093397235552
759,0.0007547604999016002
760,0.0007540108874726046
761,0.0007532605047099024
762,0.0007525093538891646
763,0.0007517574372883911
764,0.0007510047571879042
765,0.0007502513158703417
766,0.00074949711562065
767,0.0007487421587260771
768,0.0007479864474761652
769,0.0007472299841627451
770,0.0007464727710799276
771,0.0007457148105240976
772,0.0007449561047939068
773,0.0007441966561902669
774,0.0007434364670163423
775,0.0007426755395775433
776,0.0007419138761815195
777,0.0007411514791381519
778,0.000740388350759547
779,0.0007396244933600284
780,0.0007388599092561315
781,0.0007380946007665948
782,0.0007373285702123542
783,0.0007365618199165351
784,0.0007357943522044455
785,0.0007350261694035696
786,0.0007342572738435597
787,0.0007334876678562299
788,0.0007327173537755487
789,0.0007319463339376325
790,0.0007311746106807371
791,0.0007304021863452525
792,0.0007296290632736942
793,0.0007288552438106973
794,0.000728080730303008
795,0.0007273055250994785
796,0.0007265296305510573
797,0.0007257530490107847
798,0.0007249757828337838
799,0.0007241978343772537
800,0.0007234192060004636
801,0.0007226399000647439
802,0.0007218599189334799
803,0.0007210792649721047
804,0.000720297940548092
805,0.0007195159480309487
806,0.0007187332897922075
807,0.0007179499682054205
808,0.0007171659856461513
809,0.0007163813444919678
810,0.0007155960471224358
811,0.0007148100959191105
812,0.0007140234932655306
813,0.0007132362415472099
814,0.0007124483431516309
815,0.0007116598004682373
816,0.0007108706158884265
817,0.0007100807918055428
818,0.0007092903306148697
819,0.0007084992347136229
820,0.0007077075065009433
821,0.0007069151483778889
822,0.0007061221627474281
823,0.0007053285520144327
824,0.00070453431858567
825,0.0007037394648697956
826,0.0007029439932773465
827,0.0007021479062207332
828,0.0007013512061142331
829,0.0007005538953739824
830,0.0006997559764179694
831,0.000698957451666027
832,0.000698158323539825
833,0.0006973585944628633
834,0.0006965582668604639
835,0.0006957573431597646
836,0.0006949558257897102
837,0.0006941537171810466
838,0.0006933510197663123
839,0.0006925477359798317
840,0.0006917438682577071
841,0.0006909394190378122
842,0.000690134390759784
843,0.0006893287858650154
844,0.0006885226067966483
845,0.0006877158559995657
846,0.0006869085359203844
847,0.0006861006490074479
848,0.0006852921977108183
849,0.00068448318448227
850,0.0006836736117752809
851,0.0006828634820450258
852,0.0006820527977483688
853,0.0006812415613438559
854,0.0006804297752917077
855,0.0006796174420538112
856,0.0006788045640937128
857,0.0006779911438766117
858,0.0006771771838693506
859,0.0006763626865404097
860,0.0006755476543598986
861,0.0006747320897995492
862,0.0006739159953327076
863,0.000673099373434327
864,0.0006722822265809605
865,0.0006714645572507524
866,0.0006706463679234325
867,0.0006698276610803069
868,0.0006690084392042513
869,0.0006681887047797037
870,0.0006673684602926559
871,0.0006665477082306468
872,0.0006657264510827549
873,0.00066490469133959
874,0.0006640824314932866
875,0.0006632596740374952
876,0.0006624364214673763
877,0.000661612676279591
878,0.0006607884409722947
879,0.0006599637180451295
880,0.000659138509999216
881,0.000658312819337146
882,0.0006574866485629747
883,0.0006566600001822138
884,0.0006558328767018233
885,0.0006550052806302038
886,0.0006541772144771893
887,0.0006533486807540393
888,0.0006525196819734313
889,0.0006516902206494535
890,0.0006508602992975963
891,0.0006500299204347453
892,0.0006491990865791742
893,0.000648367800250536
894,0.0006475360639698558
895,0.0006467038802595237
896,0.0006458712516432864
897,0.00064503818064624
898,0.0006442046697948219
899,0.0006433707216168041
900,0.0006425363386412843
901,0.0006417015233986786
902,0.0006408662784207149
903,0.0006400306062404235
904,0.0006391945093921308
905,0.000638357990411451
906,0.0006375210518352779
907,0.0006366836962017787
908,0.0006358459260503848
909,0.000635007743921785
910,0.0006341691523579172
911,0.0006333301539019613
912,0.000632490751098331
913,0.0006316509464926661
914,0.0006308107426318254
915,0.0006299701420638781
916,0.0006291291473380969
917,0.0006282877610049491
918,0.0006274459856160904
919,0.0006266038237243561
920,0.0006257612778837535
921,0.0006249183506494544
922,0.0006240750445777873
923,0.0006232313622262297
924,0.0006223873061533998
925,0.0006215428789190497
926,0.0006206980830840567
927,0.0006198529212104164
928,0.0006190073958612339
929,0.0006181615096007172
930,0.0006173152649941682
931,0.0006164686646079762
932,0.0006156217110096088
933,0.0006147744067676056
934,0.0006139267544515689
935,0.0006130787566321568
936,0.000612230415881075
937,0.0006113817347710698
938,0.0006105327158759191
939,0.0006096833617704254
940,0.0006088336750304078
941,0.0006079836582326946
942,0.000607133313955114
943,0.0006062826447764884
944,0.0006054316532766249
945,0.0006045803420363084
946,0.0006037287136372935
947,0.0006028767706622959
948,0.0006020245156949868
949,0.000601171951319982
950,0.0006003190801228366
951,0.0005994659046900356
952,0.0005986124276089877
953,0.000597758651468015
954,0.0005969045788563475
955,0.0005960502123641138
956,0.0005951955545823342
957,0.0005943406081029122
958,0.0005934853755186263
959,0.0005926298594231237
960,0.0005917740624109107
961,0.0005909179870773457
962,0.0005900616360186308
963,0.0005892050118318048
964,0.000588348117114735
965,0.0005874909544661083
966,0.0005866335264854247
967,0.0005857758357729892
968,0.0005849178849299026
969,0.0005840596765580555
970,0.0005832012132601188
971,0.0005823424976395372
972,0.0005814835323005203
973,0.0005806243198480347
974,0.0005797648628877971
975,0.0005789051640262648
976,0.0005780452258706299
977,0.000577185051028809
978,0.0005763246421094373
979,0.0005754640017218596
980,0.0005746031324761225
981,0.000573742036982967
982,0.0005728807178538199
983,0.0005720191777007867
984,0.0005711574191366427
985,0.0005702954447748257
986,0.0005694332572294279
987,0.0005685708591151885
988,0.0005677082530474845
989,0.0005668454416423242
990,0.0005659824275163384
991,0.0005651192132867727
992,0.0005642558015714792
993,0.0005633921949889095
994,0.0005625283961581059
995,0.0005616644076986936
996,0.0005608002322308731
997,0.0005599358723754119
998,0.0005590713307536369
999,0.0005582066099874259
1000,0.0005573417126992003
1001,0.0005564766415119165
1002,0.0005556113990490587
1003,0.0005547459879346302
1004,0.0005538804107931457
1005,0.0005530146702496239
1006,0.0005521487689295787
1007,0.0005512827094590112
1008,0.000550416494464403
1009,0.0005495501265727066
1010,0.0005486836084113387
1011,0.0005478169426081711
1012,0.0005469501317915242
1013,0.0005460831785901575
1014,0.0005452160856332624
1015,0.0005443488555504544
1016,0.0005434814909717648
1017,0.0005426139945276326
1018,0.0005417463688488968
1019,0.0005408786165667884
1020,0.0005400107403129222
1021,0.0005391427427192891
1022,0.0005382746264182479
1023,0.0005374063940425174
1024,0.0005365380482251685
1025,0.0005356695915996161
1026,0.0005348010267996113
1027,0.0005339323564592327
1028,0.0005330635832128796
1029,0.0005321947096952633
1030,0.0005313257385413985
1031,0.0005304566723865971
1032,0.0005295875138664583
1033,0.0005287182656168618
1034,0.0005278489302739587
1035,0.0005269795104741656
1036,0.0005261100088541538
1037,0.0005252404280508439
1038,0.0005243707707013956
1039,0.0005235010394432016
1040,0.0005226312369138781
1041,0.0005217613657512581
1042,0.0005208914285933819
1043,0.0005200214280784908
1044,0.0005191513668450177
1045,0.0005182812475315798
1046,0.0005174110727769704
1047,0.000516540845220151
1048,0.0005156705675002431
1049,0.0005148002422565207
1050,0.0005139298721284013
1051,0.0005130594597554391
1052,0.0005121890077773161
1053,0.0005113185188338345
1054,0.0005104479955649088
1055,0.0005095774406105571
1056,0.0005087068566108941
1057,0.0005078362462061221
1058,0.0005069656120365241
1059,0.0005060949567424546
1060,0.0005052242829643323
1061,0.0005043535933426323
1062,0.0005034828905178775
1063,0.0005026121771306306
1064,0.0005017414558214869
1065,0.0005008707292310649
1066,0.0005
1067,0.000499129270768935
1068,0.0004982585441785132
1069,0.0004973878228693693
1070,0.0004965171094821226
1071,0.0004956464066573677
1072,0.0004947757170356677
1073,0.0004939050432575454
1074,0.0004930343879634762
1075,0.000492163753793878
1076,0.0004912931433891061
1077,0.000490422559389443
1078,0.0004895520044350914
1079,0.0004886814811661655
1080,0.00048781099222268377
1081,0.00048694054024456094
1082,0.0004860701278715987
1083,0.0004851997577434794
1084,0.00048432943249975685
1085,0.0004834591547798492
1086,0.00048258892722302974
1087,0.0004817187524684203
1088,0.00048084863315498236
1089,0.00047997857192150933
1090,0.0004791085714066181
1091,0.000478238634248742
1092,0.0004773687630861219
1093,0.00047649896055679844
1094,0.00047562922929860445
1095,0.0004747595719491561
1096,0.0004738899911458462
1097,0.00047302048952583447
1098,0.00047215106972604127
1099,0.0004712817343831384
1100,0.0004704124861335418
1101,0.0004695433276134029
1102,0.0004686742614586015
1103,0.00046780529030473686
1104,0.00046693641678712027
1105,0.00046606764354076736
1106,0.00046519897320038877
1107,0.00046433040840038387
1108,0.00046346195177483145
1109,0.0004625936059574828
1110,0.00046172537358175214
1111,0.0004608572572807111
1112,0.0004599892596870779
1113,0.00045912138343321167
1114,0.0004582536311511032
1115,0.0004573860054723673
1116,0.00045651850902823525
1117,0.0004556511444495456
1118,0.00045478391436673765
1119,0.0004539168214098426
1120,0.00045304986820847594
1121,0.0004521830573918289
1122,0.0004513163915886615
1123,0.00045044987342729345
1124,0.0004495835055355972
1125,0.00044871729054098874
1126,0.00044785123107042156
1127,0.00044698532975037615
1128,0.00044611958920685423
1129,0.00044525401206536993
1130,0.0004443886009509413
1131,0.0004435233584880836
1132,0.0004426582873007998
1133,0.00044179339001257416
1134,0.0004409286692463631
1135,0.0004400641276245882
1136,0.000439199767769127
1137,0.0004383355923013066
1138,0.0004374716038418942
1139,0.00043660780501109076
1140,0.00043574419842852086
1141,0.0004348807867132274
1142,0.0004340175724836617
1143,0.00043315455835767574
1144,0.0004322917469525155
1145,0.00043142914088481157
1146,0.0004305667427705722
1147,0.0004297045552251745
1148,0.0004288425808633575
1149,0.00042798082229921337
1150,0.0004271192821461802
1151,0.00042625796301703323
1152,0.00042539686752387764
1153,0.0004245359982781406
1154,0.0004236753578905627
1155,0.00042281494897119105
1156,0.00042195477412937014
1157,0.0004210948359737352
1158,0.0004202351371122031
1159,0.0004193756801519654
1160,0.0004185164676994798
1161,0.00041765750236046295
1162,0.0004167987867398813
1163,0.0004159403234419448
1164,0.0004150821150700975
1165,0.0004142241642270108
1166,0.00041336647351457523
1167,0.0004125090455338917
1168,0.00041165188288526513
1169,0.0004107949881681951
1170,0.0004099383639813693
1171,0.00040908201292265444
1172,0.00040822593758908944
1173,0.00040737014057687626
1174,0.0004065146244813737
1175,0.000405659391897088
1176,0.00040480444541766573
1177,0.0004039497876358863
1178,0.00040309542114365263
1179,0.0004022413485319851
1180,0.0004013875723910123
1181,0.00040053409530996437
1182,0.00039968091987716345
1183,0.0003988280486800182
1184,0.00039797548430501337
1185,0.00039712322933770414
1186,0.00039627128636270673
1187,0.00039541965796369177
1188,0.00039456834672337514
1189,0.00039371735522351166
1190,0.00039286668604488606
1191,0.0003920163417673055
1192,0.0003911663249695923
1193,0.00039031663822957475
1194,0.00038946728412408115
1195,0.0003886182652289304
1196,0.00038776958411892526
1197,0.0003869212433678434
1198,0.0003860732455484313
1199,0.00038522559323239447
1200,0.0003843782889903912
1201,0.0003835313353920239
1202,0.0003826847350058318
1203,0.000381838490399283
1204,0.0003809926041387661
1205,0.0003801470787895837
1206,0.00037930191691594326
1207,0.0003784571210809505
1208,0.0003776126938466003
1209,0.0003767686377737705
1210,0.0003759249554222128
1211,0.00037508164935054586
1212,0.0003742387221162466
1213,0.00037339617627564394
1214,0.0003725540143839097
1215,0.0003717122389950509
1216,0.00037087085266190325
1217,0.00037002985793612174
1218,0.0003691892573681747
1219,0.00036834905350733395
1220,0.00036750924890166926
1221,0.0003666698460980388
1222,0.0003658308476420831
1223,0.0003649922560782152
1224,0.00036415407394961536
1225,0.0003633163037982214
1226,0.0003624789481647221
1227,0.00036164200958854916
1228,0.0003608054906078691
1229,0.00035996939375957656
1230,0.0003591337215792851
1231,0.00035829847660132146
1232,0.00035746366135871587
1233,0.00035662927838319607
1234,0.0003557953302051782
1235,0.00035496181935376023
1236,0.0003541287483567137
1237,0.0003532961197404763
1238,0.0003524639360301443
1239,0.0003516321997494641
1240,0.00035080091342082586
1241,0.0003499700795652546
1242,0.00034913970070240386
1243,0.00034830977935054654
1244,0.0003474803180265688
1245,0.0003466513192459608
1246,0.0003458227855228108
1247,0.0003449947193697962
1248,0.00034416712329817683
1249,0.00034333999981778625
1250,0.00034251335143702533
1251,0.0003416871806628542
1252,0.000340861490000784
1253,0.0003400362819548706
1254,0.00033921155902770533
1255,0.00033838732372040925
1256,0.0003375635785326238
1257,0.0003367403259625048
1258,0.0003359175685067135
1259,0.00033509530866041015
1260,0.00033427354891724527
1261,0.00033345229176935334
1262,0.0003326315397073442
1263,0.0003318112952202963
1264,0.0003309915607957487
1265,0.00033017233891969314
1266,0.0003293536320765675
1267,0.0003285354427492475
1268,0.00032771777341903974
1269,0.00032690062656567297
1270,0.00032608400466729257
1271,0.0003252679102004509
1272,0.00032445234564010153
1273,0.0003236373134595904
1274,0.00032282281613064945
1275,0.0003220088561233884
1276,0.00032119543590628706
1277,0.0003203825579461889
1278,0.0003195702247082922
1279,0.00031875843865614406
1280,0.0003179472022516313
1281,0.00031713651795497446
1282,0.00031632638822471927
1283,0.00031551681551773023
1284,0.0003147078022891817
1285,0.00031389935099255227
1286,0.00031309146407961565
1287,0.00031228414400043426
1288,0.00031147739320335166
1289,0.0003106712141349844
1290,0.00030986560924021604
1291,0.0003090605809621878
1292,0.000308256131742293
1293,0.00030745226402016846
1294,0.0003066489802336879
1295,0.00030584628281895356
1296,0.00030504417421028994
1297,0.00030424265684023555
1298,0.0003034417331395361
1299,0.00030264140553713684
1300,0.00030184167646017494
1301,0.000301042548333973
1302,0.00030024402358203055
1303,0.0002994461046260177
1304,0.00029864879388576696
1305,0.000297852093779267
1306,0.00029705600672265365
1307,0.0002962605351302045
1308,0.00029546568141433004
1309,0.00029467144798556746
1310,0.000293877837252572
1311,0.0002930848516221113
1312,0.0002922924934990568
1313,0.0002915007652863771
1314,0.00029070966938513044
1315,0.00028991920819445736
1316,0.00028912938411157366
1317,0.0002883401995317627
1318,0.00028755165684836925
1319,0.00028676375845279015
1320,0.0002859765067344695
1321,0.0002851899040808895
1322,0.00028440395287756415
1323,0.0002836186555080323
1324,0.0002828340143538488
1325,0.00028205003179457955
1326,0.0002812667102077926
1327,0.00028048405196905146
1328,0.00027970205945190786
1329,0.00027892073502789537
1330,0.0002781400810665201
1331,0.0002773600999352562
1332,0.00027658079399953643
1333,0.0002758021656227463
1334,0.0002750242171662165
1335,0.0002742469509892153
1336,0.00027347036944894273
1337,0.00027269447490052166
1338,0.000271919269696992
1339,0.0002711447561893029
1340,0.0002703709367263059
1341,0.0002695978136547476
1342,0.0002688253893192631
1343,0.00026805366606236767
1344,0.00026728264622445137
1345,0.0002665123321437703
1346,0.0002657427261564405
1347,0.0002649738305964304
1348,0.00026420564779555444
1349,0.0002634381800834649
1350,0.0002626714297876458
1351,0.0002619053992334053
1352,0.00026114009074386846
1353,0.00026037550663997176
1354,0.0002596116492404531
1355,0.00025884852086184806
1356,0.0002580861238184806
1357,0.00025732446042245685
1358,0.00025656353298365777
1359,0.00025580334380973316
1360,0.0002550438952060932
1361,0.00025428518947590245
1362,0.00025352722892007254
1363,0.0002527700158372548
1364,0.00025201355252383483
1365,0.000251257841273923
1366,0.00025050288437935
1367,0.0002497486841296584
1368,0.000248995242812096
1369,0.00024824256271160916
1370,0.0002474906461108357
1371,0.0002467394952900977
1372,0.00024598911252739556
1373,0.00024523950009839977
1374,0.0002444906602764447
1375,0.0002437425953325224
1376,0.00024299530753527353
1377,0.0002422487991509834
1378,0.00024150307244357271
1379,0.00024075812967459193
1380,0.0002400139731032139
1381,0.00023927060498622733
1382,0.0002385280275780295
1383,0.00023778624313062048
1384,0.00023704525389359472
1385,0.0002363050621141354
1386,0.00023556567003700724
1387,0.00023482707990454954
1388,0.0002340892939566701
1389,0.0002333523144308373
1390,0.00023261614356207417
1391,0.00023188078358295122
1392,0.00023114623672357992
1393,0.0002304125052116055
1394,0.0002296795912722014
1395,0.00022894749712806011
1396,0.00022821622499938948
1397,0.0002274857771039035
1398,0.00022675615565681667
1399,0.00022602736287083785
1400,0.0002252994009561614
1401,0.00022457227212046348
1402,0.00022384597856889277
1403,0.00022312052250406518
1404,0.00022239590612605642
1405,0.0002216721316323967
1406,0.00022094920121806157
1407,0.000220227117075468
1408,0.00021950588139446598
1409,0.00021878549636233224
1410,0.00021806596416376446
1411,0.0002173472869808728
1412,0.0002166294669931756
1413,0.00021591250637759086
1414,0.0002151964073084307
1415,0.00021448117195739408
1416,0.0002137668024935615
1417,0.00021305330108338605
1418,0.00021234066989068973
1419,0.0002116289110766545
1420,0.0002109180267998169
1421,0.000210208019216062
1422,0.00020949889047861458
1423,0.00020879064273803577
1424,0.000208083278142214
1425,0.0002073767988363597
1426,0.0002066712069629984
1427,0.00020596650466196437
1428,0.00020526269407039393
1429,0.0002045597773227199
1430,0.0002038577565506629
1431,0.00020315663388322785
1432,0.00020245641144669513
1433,0.00020175709136461506
1434,0.00020105867575780195
1435,0.00020036116674432652
1436,0.00019966456643951043
1437,0.00019896887695591926
1438,0.00019827410040335657
1439,0.00019758023888885706
1440,0.00019688729451668114
1441,0.0001961952693883065
1442,0.0001955041656024244
1443,0.00019481398525493117
1444,0.0001941247304389227
1445,0.00019343640324468852
1446,0.00019274900575970454
1447,0.00019206254006862722
1448,0.0001913770082532873
1449,0.00019069241239268324
1450,0.00019000875456297506
1451,0.00018932603683747857
1452,0.00018864426128665734
1453,0.000187963429978119
1454,0.00018728354497660665
1455,0.0001866046083439939
1456,0.00018592662213927824
1457,0.0001852495884185746
1458,0.00018457350923510986
1459,0.00018389838663921554
1460,0.00018322422267832246
1461,0.00018255101939695378
1462,0.00018187877883672022
1463,0.00018120750303631135
1464,0.00018053719403149243
1465,0.0001798678538550958
1466,0.00017919948453701606
1467,0.00017853208810420329
1468,0.0001778656665806572
1469,0.00017720022198742093
1470,0.00017653575634257512
1471,0.00017587227166123115
1472,0.00017520976995552578
1473,0.0001745482532346145
1474,0.00017388772350466559
1475,0.00017322818276885473
1476,0.0001725696330273575
1477,0.0001719120762773445
1478,0.00017125551451297494
1479,0.00017059994972539038
1480,0.00016994538390270887
1481,0.00016929181903001922
1482,0.0001686392570893744
1483,0.0001679877000597858
1484,0.00016733714991721738
1485,0.00016668760863457926
1486,0.00016603907818172275
1487,0.00016539156052543241
1488,0.0001647450576294225
1489,0.00016409957145432919
1490,0.00016345510395770536
1491,0.00016281165709401452
1492,0.00016216923281462553
1493,0.00016152783306780483
1494,0.00016088745979871312
1495,0.00016024811494939724
1496,0.00015960980045878536
1497,0.0001589725182626815
1498,0.00015833627029375786
1499,0.0001577010584815513
1500,0.00015706688475245585
1501,0.00015643375102971735
1502,0.00015580165923342765
1503,0.0001551706112805189
1504,0.00015454060908475732
1505,0.00015391165455673822
1506,0.0001532837496038792
1507,0.00015265689613041478
1508,0.00015203109603739135
1509,0.00015140635122265966
1510,0.00015078266358087124
1511,0.00015016003500347076
1512,0.00014953846737869153
1513,0.00014891796259154904
1514,0.0001482985225238358
1515,0.00014768014905411497
1516,0.00014706284405771586
1517,0.00014644660940672628
1518,0.00014583144696998895
1519,0.00014521735861309487
1520,0.00014460434619837693
1521,0.00014399241158490595
1522,0.00014338155662848356
1523,0.0001427717831816373
1524,0.0001421630930936148
1525,0.0001415554882103783
1526,0.0001409489703745987
1527,0.00014034354142565092
1528,0.00013973920319960653
1529,0.00013913595752923036
1530,0.0001385338062439732
1531,0.0001379327511699671
1532,0.00013733279413001998
1533,0.0001367339369436092
1534,0.000136136181426877
1535,0.00013553952939262455
1536,0.00013494398265030634
1537,0.00013434954300602485
1538,0.00013375621226252582
1539,0.00013316399221919073
1540,0.0001325728846720339
1541,0.00013198289141369508
1542,0.00013139401423343483
1543,0.00013080625491712955
1544,0.00013021961524726456
1545,0.00012963409700293056
1546,0.00012904970195981686
1547,0.00012846643189020645
1548,0.00012788428856297068
1549,0.00012730327374356433
1550,0.00012672338919401865
1551,0.00012614463667293845
1552,0.00012556701793549457
1553,0.00012499053473341982
1554,0.0001244151888150032
1555,0.00012384098192508446
1556,0.0001232679158050497
1557,0.00012269599219282473
1558,0.00012212521282287093
1559,0.00012155557942617923
1560,0.0001209870937302655
1561,0.00012041975745916473
1562,0.00011985357233342643
1563,0.0001192885400701087
1564,0.00011872466238277357
1565,0.00011816194098148148
1566,0.00011760037757278619
1567,0.00011703997385973008
1568,0.00011648073154183797
1569,0.0001159226523151129
1570,0.00011536573787203042
1571,0.00011480998990153374
1572,0.00011425541008902851
1573,0.0001137020001163781
1574,0.00011314976166189722
1575,0.00011259869640034881
1576,0.00011204880600293727
1577,0.00011150009213730405
1578,0.00011095255646752256
1579,0.00011040620065409345
1580,0.00010986102635393891
1581,0.00010931703522039805
1582,0.0001087742289032218
1583,0.0001082326090485679
1584,0.00010769217729899632
1585,0.00010715293529346303
1586,0.00010661488466731679
1587,0.0001060780270522928
1588,0.00010554236407650836
1589,0.00010500789736445776
1590,0.00010447462853700745
1591,0.0001039425592113909
1592,0.0001034116910012044
1593,0.00010288202551640108
1594,0.00010235356436328675
1595,0.00010182630914451519
1596,0.00010130026145908222
1597,0.0001007754229023225
1598,0.00010025179506590316
1599,9.972937953781985e-05
1600,9.920817790239162e-05
1601,9.868819174025617e-05
1602,9.816942262836492e-05
1603,9.765187213997884e-05
1604,9.713554184466267e-05
1605,9.662043330828085e-05
1606,9.610654809299302e-05
1607,9.559388775724798e-05
1608,9.508245385578085e-05
1609,9.457224793960684e-05
1610,9.406327155601708e-05
1611,9.3555526248574e-05
1612,9.304901355710666e-05
1613,9.254373501770569e-05
1614,9.203969216271957e-05
1615,9.153688652074843e-05
1616,9.103531961664119e-05
1617,9.053499297148959e-05
1618,9.003590810262402e-05
1619,8.953806652360952e-05
1620,8.904146974423971e-05
1621,8.854611927053402e-05
1622,8.805201660473178e-05
1623,8.755916324528812e-05
1624,8.706756068686949e-05
1625,8.657721042034933e-05
1626,8.608811393280264e-05
1627,8.560027270750276e-05
1628,8.511368822391591e-05
1629,8.46283619576969e-05
1630,8.414429538068535e-05
1631,8.366148996089968e-05
1632,8.317994716253452e-05
1633,8.269966844595495e-05
1634,8.222065526769257e-05
1635,8.17429090804408e-05
1636,8.126643133305139e-05
1637,8.079122347052825e-05
1638,8.031728693402501e-05
1639,7.984462316083946e-05
1640,7.937323358440934e-05
1641,7.890311963430869e-05
1642,7.843428273624215e-05
1643,7.796672431204227e-05
1644,7.750044577966404e-05
1645,7.70354485531809e-05
1646,7.657173404278056e-05
1647,7.610930365476076e-05
1648,7.56481587915247e-05
1649,7.518830085157735e-05
1650,7.472973122952048e-05
1651,7.427245131604898e-05
1652,7.381646249794649e-05
1653,7.336176615808094e-05
1654,7.290836367540099e-05
1655,7.245625642493115e-05
1656,7.20054457777679e-05
1657,7.155593310107578e-05
1658,7.110771975808267e-05
1659,7.066080710807615e-05
1660,7.021519650639951e-05
1661,6.977088930444664e-05
1662,6.932788684965935e-05
1663,6.888619048552214e-05
1664,6.84458015515586e-05
1665,6.800672138332764e-05
1666,6.756895131241869e-05
1667,6.713249266644828e-05
1668,6.66973467690557e-05
1669,6.626351493989918e-05
1670,6.583099849465168e-05
1671,6.539979874499746e-05
1672,6.496991699862686e-05
1673,6.454135455923393e-05
1674,6.41141127265113e-05
1675,6.368819279614656e-05
1676,6.326359605981863e-05
1677,6.284032380519334e-05
1678,6.24183773159201e-05
1679,6.199775787162748e-05
1680,6.157846674791961e-05
1681,6.116050521637217e-05
1682,6.07438745445289e-05
1683,6.0328575995896916e-05
1684,5.9914610829944035e-05
1685,5.9501980302093975e-05
1686,5.909068566372311e-05
1687,5.8680728162156305e-05
1688,5.8272109040663435e-05
1689,5.786482953845562e-05
1690,5.745889089068112e-05
1691,5.705429432842185e-05
1692,5.665104107868968e-05
1693,5.624913236442286e-05
1694,5.584856940448141e-05
1695,5.544935341364493e-05
1696,5.5051485602607643e-05
1697,5.4654967177975135e-05
1698,5.4259799342261e-05
1699,5.386598329388265e-05
1700,5.347352022715801e-05
1701,5.3082411332302235e-05
1702,5.26926577954232e-05
1703,5.230426079851858e-05
1704,5.191722151947226e-05
1705,5.153154113205027e-05
1706,5.1147220805898065e-05
1707,5.076426170653581e-05
1708,5.03826649953561e-05
1709,5.0002431829619555e-05
1710,4.962356336245166e-05
1711,4.924606074283899e-05
1712,4.886992511562654e-05
1713,4.8495157621512856e-05
1714,4.8121759397047994e-05
1715,4.77497315746292e-05
1716,4.737907528249763e-05
1717,4.700979164473551e-05
1718,4.664188178126144e-05
1719,4.6275346807828576e-05
1720,4.591018783602008e-05
1721,4.554640597324622e-05
1722,4.518400232274078e-05
1723,4.482297798355833e-05
1724,4.446333405056979e-05
1725,4.410507161446026e-05
1726,4.374819176172501e-05
1727,4.33926955746663e-05
1728,4.3038584131390444e-05
1729,4.268585850580381e-05
1730,4.233451976761055e-05
1731,4.198456898230851e-05
1732,4.163600721118638e-05
1733,4.12888355113204e-05
1734,4.094305493557121e-05
1735,4.059866653258054e-05
1736,4.025567134676844e-05
1737,3.991407041832912e-05
1738,3.957386478322905e-05
1739,3.9235055473203165e-05
1740,3.889764351575131e-05
1741,3.85616299341362e-05
1742,3.8227015747379304e-05
1743,3.7893801970258435e-05
1744,3.756198961330426e-05
1745,3.723157968279745e-05
1746,3.69025731807654e-05
1747,3.657497110497987e-05
1748,3.624877444895269e-05
1749,3.5923984201934044e-05
1750,3.560060134890897e-05
1751,3.52786268705938e-05
1752,3.49580617434343e-05
1753,3.463890693960181e-05
1754,3.432116342699071e-05
1755,3.400483216921524e-05
1756,3.368991412560696e-05
1757,3.337641025121135e-05
1758,3.306432149678557e-05
1759,3.27536488087945e-05
1760,3.244439312940933e-05
1761,3.213655539650334e-05
1762,3.18301365436498e-05
1763,3.152513750011921e-05
1764,3.122155919087572e-05
1765,3.091940253657538e-05
1766,3.0618668453562594e-05
1767,3.031935785386747e-05
1768,3.002147164520319e-05
1769,2.9725010730963563e-05
1770,2.9429976010219238e-05
1771,2.913636837771633e-05
1772,2.884418872387273e-05
1773,2.8553437934775716e-05
1774,2.826411689217956e-05
1775,2.797622647350212e-05
1776,2.7689767551823063e-05
1777,2.7404740995880527e-05
1778,2.712114767006879e-05
1779,2.683898843443555e-05
1780,2.655826414467971e-05
1781,2.6278975652147873e-05
1782,2.6001123803832793e-05
1783,2.5724709442370152e-05
1784,2.5449733406036236e-05
1785,2.5176196528745308e-05
1786,2.4904099640047028e-05
1787,2.4633443565124368e-05
1788,2.4364229124790527e-05
1789,2.4096457135486638e-05
1790,2.3830128409279395e-05
1791,2.3565243753858656e-05
1792,2.330180397253473e-05
1793,2.303980986423626e-05
1794,2.2779262223507234e-05
1795,2.2520161840505537e-05
1796,2.2262509500999507e-05
1797,2.2006305986366272e-05
1798,2.1751552073589032e-05
1799,2.1498248535254893e-05
1800,2.1246396139552425e-05
1801,2.0995995650269274e-05
1802,2.074704782678999e-05
1803,2.0499553424093487e-05
1804,2.025351319275137e-05
1805,2.0008927878924556e-05
1806,1.9765798224362196e-05
1807,1.9524124966398715e-05
1808,1.928390883795167e-05
1809,1.9045150567519598e-05
1810,1.8807850879180077e-05
1811,1.8572010492586998e-05
1812,1.8337630122968795e-05
1813,1.810471048112605e-05
1814,1.787325227342951e-05
1815,1.7643256201817838e-05
1816,1.7414722963795427e-05
1817,1.7187653252430492e-05
1818,1.6962047756352737e-05
1819,1.673790715975143e-05
1820,1.6515232142373216e-05
1821,1.6294023379520183e-05
1822,1.6074281542047653e-05
1823,1.5856007296362328e-05
1824,1.563920130442009e-05
1825,1.542386422372405e-05
1826,1.5209996707322815e-05
1827,1.4997599403807849e-05
1828,1.4786672957312397e-05
1829,1.457721800750872e-05
1830,1.43692351896067e-05
1831,1.4162725134351573e-05
1832,1.3957688468022311e-05
1833,1.3754125812429352e-05
1834,1.3552037784913207e-05
1835,1.3351424998342132e-05
1836,1.3152288061110518e-05
1837,1.2954627577136836e-05
1838,1.275844414586208e-05
1839,1.2563738362247889e-05
1840,1.2370510816774539e-05
1841,1.2178762095439333e-05
1842,1.1988492779754667e-05
1843,1.1799703446746579e-05
1844,1.1612394668952531e-05
1845,1.1426567014420297e-05
1846,1.1242221046705415e-05
1847,1.1059357324870456e-05
1848,1.0877976403482314e-05
1849,1.069807883261137e-05
1850,1.0519665157829483e-05
1851,1.0342735920207957e-05
1852,1.016729165631669e-05
1853,9.993332898221963e-06
1854,9.82086017348499e-06
1855,9.649874005160265e-06
1856,9.480374911794265e-06
1857,9.312363407423252e-06
1858,9.145840001572536e-06
1859,8.980805199254205e-06
1860,8.817259500965957e-06
1861,8.655203402689605e-06
1862,8.494637395889348e-06
1863,8.335561967510564e-06
1864,8.17797759997807e-06
1865,8.02188477119481e-06
1866,7.867283954540283e-06
1867,7.714175618869445e-06
1868,7.562560228510651e-06
1869,7.41243824326504e-06
1870,7.263810118404435e-06
1871,7.116676304670333e-06
1872,6.971037248272582e-06
1873,6.8268933908877115e-06
1874,6.684245169657987e-06
1875,6.543093017189805e-06
1876,6.403437361552411e-06
1877,6.265278626276683e-06
1878,6.12861723035385e-06
1879,5.993453588234166e-06
1880,5.859788109825792e-06
1881,5.727621200493138e-06
1882,5.596953261056304e-06
1883,5.467784687789301e-06
1884,5.340115872418949e-06
1885,5.213947202124036e-06
1886,5.089279059533658e-06
1887,4.966111822726382e-06
1888,4.8444458652290305e-06
1889,4.724281556015564e-06
1890,4.6056192595057e-06
1891,4.48845933556441e-06
1892,4.3728021395000875e-06
1893,4.2586480220639935e-06
1894,4.1459973294490915e-06
1895,4.034850403288825e-06
1896,3.925207580656231e-06
1897,3.817069194062939e-06
1898,3.7104355714580594e-06
1899,3.6053070362271346e-06
1900,3.5016839071914663e-06
1901,3.399566498606732e-06
1902,3.2989551201624833e-06
1903,3.199850076980704e-06
1904,3.1022516696152524e-06
1905,3.0061601940509773e-06
1906,2.9115759417024377e-06
1907,2.81849919941346e-06
1908,2.7269302494559723e-06
1909,2.636869369529338e-06
1910,2.548316832759301e-06
1911,2.461272907697432e-06
1912,2.3757378583200153e-06
1913,2.2917119440275524e-06
1914,2.20919541964365e-06
1915,2.1281885354146326e-06
1916,2.048691537008318e-06
1917,1.970704665513745e-06
1918,1.8942281574401143e-06
1919,1.81926224471618e-06
1920,1.7458071546895272e-06
1921,1.6738631101259616e-06
1922,1.6034303292087326e-06
1923,1.5345090255379224e-06
1924,1.4670994081297795e-06
1925,1.4012016814160534e-06
1926,1.3368160452435496e-06
1927,1.2739426948732423e-06
1928,1.21258182097983e-06
1929,1.1527336096512354e-06
1930,1.094398242387995e-06
1931,1.0375758961024273e-06
1932,9.822667431186872e-07
1933,9.284709511716561e-07
1934,8.761886834067756e-07
1935,8.254200983794369e-07
1936,7.761653500544252e-07
1937,7.284245878057538e-07
1938,6.8219795641572e-07
1939,6.374855960750159e-07
1940,5.942876423818966e-07
1941,5.526042263419018e-07
1942,5.124354743674676e-07
1943,4.7378150827764863e-07
1944,4.366424452973972e-07
1945,4.0101839805778415e-07
1946,3.669094745950008e-07
1947,3.343157783505246e-07
1948,3.032374081706757e-07
1949,2.736744583061168e-07
1950,2.456270184118536e-07
1951,2.1909517354679053e-07
1952,1.9407900417345304e-07
1953,1.7057858615798783e-07
1954,1.4859399076955215e-07
1955,1.2812528468042484e-07
1956,1.0917252996567318e-07
1957,9.17357841028199e-08
1958,7.581509997206526e-08
1959,6.14105258556763e-08
1960,4.852210543809799e-08
1961,3.71498778057866e-08
1962,2.729387744715428e-08
1963,1.8954134252235912e-08
1964,1.2130673512744661e-08
1965,6.823515922182999e-09
1966,3.03267757534309e-09
1967,7.581699686398657e-10
