epoch,train_loss,train_acc,val_loss,val_macro_f1,val_top1,val_balanced_acc,val_ece,train_time_s,epoch_time_s
1,1.0642686624352524,0.7662919207317073,0.47430966577847256,0.7985411898827544,0.8591830905455584,0.7828973841277658,0.07745324731962708,9.302026173099875,11.40019372664392
2,0.7299727706647501,0.897389481707317,0.3142682023684797,0.9071973414092498,0.930876892316481,0.9111249927771878,0.11213556839479305,8.650346966460347,9.982441630214453
3,0.6608847844891432,0.928734756097561,0.2729534830018065,0.9210126232783327,0.9397315052842045,0.935460391086584,0.0911045169036956,8.582965259440243,9.941541414707899
4,0.618625613247476,0.946360518292683,0.24063149036696488,0.9374391572868426,0.9531562410739789,0.9475083406242631,0.09881620229533387,8.615040351636708,10.035344127565622
5,0.6011039796398907,0.9539824695121951,0.19948154197560483,0.9520777374034068,0.9631533847472151,0.9635809016479036,0.08677074171855971,8.656687792390585,10.087985057383776
6,0.5723394377202522,0.965796493902439,0.1916005897482815,0.9517539372049499,0.9622964867180805,0.9508750151491152,0.07850155229229341,8.590964807197452,10.048973903991282
7,0.563962711248456,0.9688452743902439,0.197686205379999,0.9575213925118088,0.9680091402456441,0.9586228775184485,0.09275630052618829,8.703841933049262,10.123741766437888
8,0.5446195435233232,0.977515243902439,0.17249562543857033,0.9641450201552091,0.9722936303913168,0.9704958442852196,0.0830168536784682,8.629379383288324,10.02003283239901
9,0.5339934834983291,0.9808498475609756,0.172615830930973,0.9637446770101127,0.9731505284204514,0.9633171937688585,0.08874255846105827,8.673845697194338,10.132826939225197
10,0.5229904302736608,0.9856135670731707,0.16999548233532627,0.9672813341052581,0.9745786918023421,0.9692901953906065,0.08602178833955217,8.652119863778353,10.060483636334538
11,0.5187391918606874,0.9870426829268293,0.16759978268817982,0.9692815287745723,0.9762924878606113,0.9719342071914961,0.08568874311784239,8.591920621693134,9.983243403956294
12,0.5177834381054087,0.9865663109756098,0.1665749554462482,0.9698438031534347,0.9768637532133676,0.9720562402624583,0.08640558353256271,8.688128482550383,10.145409722812474
